Country,NUTS_level,NUTS_name,NUTS_code,Mapped_Area_Code,Empire_zone,Industry_Allocation,Industry_Allocation_Country,Population_Key,Population_Key_Country,Hydro_Key,Hydro_Key_Country,Coastal,LNG_Terminal,LNG_Export_Terminal,Comment
DK,3,Sydjylland,DK032,DK03,Denmark,0.381328569,0.381328569,0.123450146,0.123450146,0,0,1,0,0,grouping corresponds to NUTS2
DK,3,Vestjylland,DK041,DK04,Denmark,0,0,0.07261219,0.07261219,0,0,1,0,0,grouping corresponds to NUTS2
DK,3,ùstjylland,DK042,DK04,Denmark,0,0,0.156438585,0.156438585,0,0,1,0,0,grouping corresponds to NUTS2
DK,3,Nordjylland,DK050,DK050,Denmark,0.022631641,0.022631641,0.100230689,0.100230689,0,0,1,0,0,grouping corresponds to NUTS2
DK,3,Byen Kõbenhavn,DK011,DK01,Denmark,0,0,0.137540298,0.137540298,0,0,1,0,0,grouping corresponds to NUTS2
DK,3,Kõbenhavns omegn,DK012,DK01,Denmark,0,0,0.094826363,0.094826363,0,0,1,0,0,grouping corresponds to NUTS2
DK,3,Nordsjëlland,DK013,DK01,Denmark,0,0,0.079833579,0.079833579,0,0,1,0,0,grouping corresponds to NUTS2
DK,3,Bornholm,DK014,DK01,Denmark,0,0,0.006690935,0.006690935,0,0,1,0,0,grouping corresponds to NUTS2
DK,3,ùstsjëlland,DK021,DK02,Denmark,0,0,0.043413454,0.043413454,0,0,1,0,0,grouping corresponds to NUTS2
DK,3,Vest- og Sydsjëlland,DK022,DK02,Denmark,0.59603979,0.59603979,0.099837274,0.099837274,0,0,1,0,0,grouping corresponds to NUTS2
DK,3,Fyn,DK031,DK03,Denmark,0,0,0.085126488,0.085126488,0,0,1,0,0,grouping corresponds to NUTS2
FI,3,EtelÑ-Savo,FI1DA,FI1DC,Finland,0,0,0.02481178,0.02481178,0,0,0,0,0,
FI,3,Pohjois-Savo,FI1DB,FI1DB,Finland,0,0,0.043700631,0.043700631,0,0,0,0,0,
FI,3,Pohjois-Karjala,FI1DC,FI1DC,Finland,0,0,0.028662807,0.028662807,0,0,0,0,0,
FI,3,Kanta-HÑme,FI1C2,FI1B+,Finland,0.000109443,0.000109443,0.030470509,0.030470509,0,0,0,0,0,
FI,3,EtelÑ-Karjala,FI1C5,FI1DC,Finland,0.004163928,0.004163928,0.022529417,0.022529417,0,0,0,0,0,
FI,3,PÑijÑt-HÑme,FI1C6,FI1C-,Finland,0,0,0.035590415,0.035590415,0,0,0,0,0,
FI,3,Kymenlaakso,FI1C7,FI1C-,Finland,0,0,0.029833374,0.029833374,0,0,1,1,0,
FI,3,Keski-Pohjanmaa,FI1D5,FI19+,Finland,0,0,0.012186442,0.012186442,0,0,1,0,0,
FI,3,èland,FI200,FI200,Finland,0,0,0.005456356,0.005456356,0,0,1,0,0,
FI,3,Lappi,FI1D7,FI1D7,Finland,0.003601519,0.003601519,0.031595246,0.031595246,0,0,1,1,0,
FI,3,Kainuu,FI1D8,FI1D8,Finland,0,0,0.012674583,0.012674583,0,0,0,0,0,
FI,3,Pohjois-Pohjanmaa,FI1D9,FI1D9,Finland,0.091711258,0.091711258,0.07486435,0.07486435,0,0,1,0,0,
FI,3,Pohjanmaa,FI19A,FI19+,Finland,0,0,0.032482023,0.032482023,0,0,1,0,0,
FI,3,Pirkanmaa,FI19B,FI19B,Finland,0,0,0.095354935,0.095354935,0,0,0,0,0,
FI,3,Helsinki-Uusimaa,FI1B1,FI1B+,Finland,0.896670553,0.896670553,0.311474181,0.311474181,0,0,1,1,0,
FI,3,Varsinais-Suomi,FI1C1,FI1C1,Finland,0.003743298,0.003743298,0.087269881,0.087269881,0,0,1,0,0,
FI,3,Satakunta,FI196,FI196,Finland,0,0,0.038202219,0.038202219,0,0,1,1,0,
FI,3,Keski-Suomi,FI198,FI198,Finland,0,0,0.049345342,0.049345342,0,0,0,0,0,
FI,3,EtelÑ-Pohjanmaa,FI199,FI19+,Finland,0,0,0.033495508,0.033495508,0,0,0,0,0,
NO,3,Agder,NO092,NO092,NO2,0.263601524,0.072157064,0.321018507,0.057628523,0.365308044,0.106885746,1,0,0,
NO,3,Vestfold,NO093,NO01+,NO1,0.084672409,0.02281044,0.096358813,0.046202274,0.000643807,0.000122275,1,0,0,grouping different from NUTS2
NO,3,Telemark,NO094,NO094,NO2,0.244666663,0.066973923,0.177739974,0.031907482,0.334914238,0.0979928,1,0,0,
NO,3,Oslo,NO081,NO01+,NO1,0.253711917,0.068349071,0.269692096,0.129312387,0.000713011,0.000135418,1,0,0,
NO,3,Trõndelag/Trîîndelage,NO060,NO060,NO3,0.970089514,0.109465005,0.640882189,0.087015916,0.536916774,0.057962756,1,0,0,
NO,3,Nordland/Nordl†nnda,NO071,NO071,NO4,0.053462809,0.004274072,0.498378248,0.043796776,0.789074211,0.126898261,1,1,0,
NO,3,Troms/Romsa/Tromssa,NO072,NO072,NO4,0.409905601,0.032769806,0.347743898,0.030559243,0.138821557,0.022325168,1,0,0,
NO,3,Finnmark/Finnm†rku/Finmarkku,NO073,NO073,NO4,0.53663159,0.042900885,0.153877854,0.013522568,0.072104232,0.011595743,1,1,1,
NO,3,Rogaland,NO0A1,NO0A1,NO2,0.491731812,0.134604396,0.501241519,0.089981754,0.299777718,0.08771218,1,1,1,
NO,3,ùstfold,NO083,NO01+,NO1,0.189248832,0.05098295,0.117296578,0.056241546,0.18965164,0.036019537,1,1,0,
NO,3,Akershus,NO084,NO01+,NO1,0.197626087,0.053239752,0.273860485,0.131311053,0.039783285,0.00755583,1,0,0,
NO,3,Buskerud,NO085,NO085,NO1,0.108706132,0.029285038,0.101389212,0.048614258,0.387896112,0.073671065,1,0,0,
NO,3,Innlandet,NO020,NO020,NO1,0.166034623,0.044729126,0.141402815,0.067800043,0.381312145,0.072420607,0,0,0,
NO,3,Jan Mayen,NO0B1,Not Included,Not Included,0,0,0,0,0,0,1,0,0,
NO,3,Svalbard,NO0B2,Not Included,Not Included,0,0,0,0,0,0,1,0,0,
NO,3,Vestland,NO0A2,NO0A2,NO5,1,0.264083369,1,0.117346879,1,0.248710546,1,1,1,
NO,3,Mõre og Romsdal,NO0A3,NO0A3,NO3,0.029910486,0.003375102,0.359117811,0.048759298,0.463083226,0.049992069,1,0,0,
SE,3,Blekinge lÑn,SE221,SE22+,Sweden,0,0,0.015087122,0.015087122,0,0,1,0,0,
SE,3,SkÜne lÑn,SE224,SE22+,Sweden,0.002602878,0.002602878,0.134421563,0.134421563,0,0,1,0,0,
SE,3,Hallands lÑn,SE231,SE22+,Sweden,0,0,0.032581208,0.032581208,0.002729911,0.002729911,1,0,0,
SE,3,VÑsterbottens lÑn,SE331,SE331,Sweden,0,0,0.026259899,0.026259899,0.205310307,0.205310307,1,0,0,
SE,3,VÑstra Gîtalands lÑn,SE232,SE232,Sweden,0.871448574,0.871448574,0.167147901,0.167147901,0.031078987,0.031078987,1,1,0,
SE,3,Norrbottens lÑn,SE332,SE332,Sweden,0.029579909,0.029579909,0.023682524,0.023682524,0.286913647,0.286913647,1,0,0,
SE,3,VÑrmlands lÑn,SE311,SE311,Sweden,0.000390184,0.000390184,0.026989924,0.026989924,0.015371499,0.015371499,0,0,0,
SE,3,Dalarnas lÑn,SE312,SE312,Sweden,0.001778514,0.001778514,0.027401841,0.027401841,0.014279534,0.014279534,0,0,0,
SE,3,Stockholms lÑn,SE110,SE11+,Sweden,0.063563011,0.063563011,0.231907429,0.231907429,0,0,1,1,0,
SE,3,GÑvleborgs lÑn,SE313,SE313,Sweden,0.001270367,0.001270367,0.027309079,0.027309079,0.044298056,0.044298056,1,0,0,
SE,3,Uppsala lÑn,SE121,SE11+,Sweden,0,0,0.03808201,0.03808201,0.011129637,0.011129637,1,0,0,
SE,3,VÑsternorrlands lÑn,SE321,SE321,Sweden,0,0,0.02312063,0.02312063,0.193529691,0.193529691,1,0,0,
SE,3,Sîdermanlands lÑn,SE122,SE11+,Sweden,0.022857203,0.022857203,0.028756773,0.028756773,0,0,1,0,0,
SE,3,JÑmtlands lÑn,SE322,SE322,Sweden,0,0,0.012609352,0.012609352,0.189413825,0.189413825,0,0,0,
SE,3,ôstergîtlands lÑn,SE123,SE21+,Sweden,0,0,0.044851921,0.044851921,0.005944906,0.005944906,1,0,0,
SE,3,ôrebro lÑn,SE124,SE11+,Sweden,0,0,0.029251567,0.029251567,0,0,0,0,0,
SE,3,VÑstmanlands lÑn,SE125,SE11+,Sweden,0,0,0.026679799,0.026679799,0,0,0,0,0,
SE,3,Kalmar lÑn,SE213,SE21+,Sweden,0,0,0.023543191,0.023543191,0,0,1,0,0,
SE,3,Gotlands lÑn,SE214,SE21+,Sweden,0.00650936,0.00650936,0.005814064,0.005814064,0,0,1,0,0,
SE,3,Jînkîpings lÑn,SE211,SE21+,Sweden,0,0,0.035081598,0.035081598,0,0,0,0,0,
SE,3,Kronobergs lÑn,SE212,SE22+,Sweden,0,0,0.019420607,0.019420607,0,0,0,0,0,
