from,to,distance_m,duration_s
DK02,DK03,184545.0,7330.0
DK02,DK04,241332.0,10106.0
DK02,DK050,380037.0,15198.0
DK02,FI19+,1562010.0,71758.0
DK02,FI196,1683280.0,77214.0
DK02,FI198,1715723.0,78141.0
DK02,FI19B,1718300.0,79164.0
DK02,FI1B+,1214499.0,66959.0
DK02,FI1C-,1340263.0,72279.0
DK02,FI1C1,1070308.0,61967.0
DK02,FI1D7,2053280.0,81145.0
DK02,FI1D8,2091171.0,82208.0
DK02,FI1D9,1948513.0,77430.0
DK02,FI1DB,1825282.0,82242.0
DK02,FI1DC,1943089.0,88301.0
DK02,FI200,919788.0,41328.0
DK02,NO01+,664421.0,25878.0
DK02,NO020,919809.0,36971.0
DK02,NO060,1252526.0,52016.0
DK02,NO071,1885705.0,75756.0
DK02,NO072,2230160.0,89764.0
DK02,NO085,837551.0,35226.0
DK02,NO092,634887.0,31800.0
DK02,NO094,706485.0,35521.0
DK02,NO0A1,823380.0,40970.0
DK02,NO0A2,1063950.0,46400.0
DK02,NO0A3,1137335.0,46878.0
DK02,SE11+,733931.0,28269.0
DK02,SE21+,487161.0,19958.0
DK02,SE22+,249580.0,11272.0
DK02,SE232,495780.0,19174.0
DK02,SE311,675314.0,28305.0
DK02,SE312,837939.0,35384.0
DK02,SE313,1016873.0,38075.0
DK02,SE321,1211604.0,46079.0
DK02,SE322,1163988.0,50606.0
DK02,SE331,1504905.0,58845.0
DK03,DK02,198468.0,7758.0
DK03,DK04,129538.0,5484.0
DK03,DK050,268243.0,10577.0
DK03,FI19+,1733025.0,77390.0
DK03,FI196,1854294.0,82846.0
DK03,FI198,1886737.0,83773.0
DK03,FI19B,1889314.0,84796.0
DK03,FI1B+,1385513.0,72591.0
DK03,FI1C-,1511278.0,77911.0
DK03,FI1C1,1241323.0,67599.0
DK03,FI1D7,2224295.0,86777.0
DK03,FI1D8,2262186.0,87840.0
DK03,FI1D9,2119528.0,83062.0
DK03,FI1DB,1996297.0,87874.0
DK03,FI1DC,2114104.0,93933.0
DK03,FI200,1090802.0,46960.0
DK03,NO01+,627756.0,30560.0
DK03,NO020,844060.0,39498.0
DK03,NO060,1176778.0,54544.0
DK03,NO071,2056720.0,81388.0
DK03,NO072,2401174.0,95396.0
DK03,NO085,658546.0,33501.0
DK03,NO092,523094.0,27179.0
DK03,NO094,594692.0,30900.0
DK03,NO0A1,711586.0,36349.0
DK03,NO0A2,941597.0,46871.0
DK03,NO0A3,1061587.0,49406.0
DK03,SE11+,904945.0,33901.0
DK03,SE21+,658176.0,25590.0
DK03,SE22+,420595.0,16904.0
DK03,SE232,666795.0,24806.0
DK03,SE311,846329.0,33937.0
DK03,SE312,1008954.0,41016.0
DK03,SE313,1187888.0,43707.0
DK03,SE321,1382619.0,51711.0
DK03,SE322,1202138.0,55388.0
DK03,SE331,1675920.0,64477.0
DK04,DK02,241218.0,10047.0
DK04,DK03,115369.0,4983.0
DK04,DK050,136662.0,6567.0
DK04,FI19+,1775774.0,79679.0
DK04,FI196,1897044.0,85135.0
DK04,FI198,1929487.0,86061.0
DK04,FI19B,1932063.0,87085.0
DK04,FI1B+,1428263.0,74879.0
DK04,FI1C-,1554027.0,80200.0
DK04,FI1C1,1284072.0,69888.0
DK04,FI1D7,2267044.0,89066.0
DK04,FI1D8,2304935.0,90129.0
DK04,FI1D9,2162277.0,85351.0
DK04,FI1DB,2039046.0,90162.0
DK04,FI1DC,2156853.0,96221.0
DK04,FI200,1133552.0,49248.0
DK04,NO01+,496174.0,26550.0
DK04,NO020,712478.0,35488.0
DK04,NO060,1045196.0,50534.0
DK04,NO071,1630388.0,78742.0
DK04,NO072,2443924.0,97685.0
DK04,NO085,526964.0,29491.0
DK04,NO092,391512.0,23169.0
DK04,NO094,463110.0,26890.0
DK04,NO0A1,580004.0,32339.0
DK04,NO0A2,810015.0,42861.0
DK04,NO0A3,930005.0,45396.0
DK04,SE11+,947695.0,36190.0
DK04,SE21+,700925.0,27879.0
DK04,SE22+,463344.0,19193.0
DK04,SE232,371290.0,26405.0
DK04,SE311,687250.0,34714.0
DK04,SE312,795974.0,39817.0
DK04,SE313,1230637.0,45996.0
DK04,SE321,1425368.0,53999.0
DK04,SE322,1070556.0,51378.0
DK04,SE331,1378874.0,65281.0
DK050,DK02,379792.0,15066.0
DK050,DK03,253944.0,10002.0
DK050,DK04,138648.0,6527.0
DK050,FI19+,1352310.0,78455.0
DK050,FI196,1473579.0,83910.0
DK050,FI198,1506022.0,84837.0
DK050,FI19B,1508599.0,85860.0
DK050,FI1B+,1125445.0,75435.0
DK050,FI1C-,1701905.0,93520.0
DK050,FI1C1,981254.0,70443.0
DK050,FI1D7,1843580.0,87842.0
DK050,FI1D8,1881471.0,88905.0
DK050,FI1D9,1738813.0,84127.0
DK050,FI1DB,1615582.0,88938.0
DK050,FI1DC,1733389.0,94997.0
DK050,FI200,830734.0,49804.0
DK050,NO01+,397961.0,22553.0
DK050,NO020,614265.0,31491.0
DK050,NO060,946983.0,46536.0
DK050,NO071,1532175.0,74744.0
DK050,NO072,2056963.0,95367.0
DK050,NO085,428751.0,25494.0
DK050,NO092,293299.0,19172.0
DK050,NO094,364897.0,22892.0
DK050,NO0A1,481791.0,28342.0
DK050,NO0A2,711802.0,38864.0
DK050,NO0A3,831792.0,41398.0
DK050,SE11+,566798.0,34224.0
DK050,SE21+,435693.0,29336.0
DK050,SE22+,500139.0,24314.0
DK050,SE232,279979.0,22613.0
DK050,SE311,589037.0,30716.0
DK050,SE312,697761.0,35820.0
DK050,SE313,833540.0,42789.0
DK050,SE321,1057116.0,51620.0
DK050,SE322,972343.0,47381.0
DK050,SE331,1280661.0,61283.0
FI19+,DK02,1561783.0,71421.0
FI19+,DK03,1719171.0,76684.0
FI19+,DK04,1775957.0,79460.0
FI19+,DK050,1349626.0,78267.0
FI19+,FI196,215372.0,10078.0
FI19+,FI198,160745.0,6894.0
FI19+,FI19B,190636.0,8549.0
FI19+,FI1B+,351729.0,13817.0
FI19+,FI1C-,381565.0,16354.0
FI19+,FI1C1,316132.0,13756.0
FI19+,FI1D7,697954.0,30128.0
FI19+,FI1D8,398399.0,17309.0
FI19+,FI1D9,375831.0,17173.0
FI19+,FI1DB,270304.0,10995.0
FI19+,FI1DC,388111.0,17054.0
FI19+,FI200,511209.0,35758.0
FI19+,NO01+,1095649.0,60091.0
FI19+,NO020,1027815.0,60004.0
FI19+,NO060,763712.0,45575.0
FI19+,NO071,765086.0,45830.0
FI19+,NO072,994405.0,43456.0
FI19+,NO085,1173917.0,65704.0
FI19+,NO092,1424519.0,74225.0
FI19+,NO094,1235283.0,67597.0
FI19+,NO0A1,1498302.0,83147.0
FI19+,NO0A2,1324220.0,73255.0
FI19+,NO0A3,1110241.0,63430.0
FI19+,SE11+,841360.0,45839.0
FI19+,SE21+,1124405.0,56368.0
FI19+,SE22+,1310120.0,62721.0
FI19+,SE232,1087775.0,56701.0
FI19+,SE311,980277.0,53533.0
FI19+,SE312,765026.0,45610.0
FI19+,SE313,605198.0,37555.0
FI19+,SE321,413405.0,29881.0
FI19+,SE322,579981.0,37404.0
FI19+,SE331,387044.0,28842.0
FI196,DK02,1683200.0,76898.0
FI196,DK03,1840588.0,82161.0
FI196,DK04,1897374.0,84937.0
FI196,DK050,1471043.0,83744.0
FI196,FI19+,216569.0,10065.0
FI196,FI198,281082.0,12210.0
FI196,FI19B,139150.0,6462.0
FI196,FI1B+,198768.0,9352.0
FI196,FI1C-,286068.0,12937.0
FI196,FI1C1,134512.0,6716.0
FI196,FI1D7,902800.0,39332.0
FI196,FI1D8,603245.0,26513.0
FI196,FI1D9,580676.0,26377.0
FI196,FI1DB,431080.0,18003.0
FI196,FI1DC,450948.0,19408.0
FI196,FI200,271678.0,30528.0
FI196,NO01+,1217066.0,65568.0
FI196,NO020,1149232.0,65481.0
FI196,NO060,885130.0,51052.0
FI196,NO071,886503.0,51307.0
FI196,NO072,1199251.0,52660.0
FI196,NO085,1295334.0,71181.0
FI196,NO092,1545936.0,79702.0
FI196,NO094,1356701.0,73074.0
FI196,NO0A1,1619719.0,88624.0
FI196,NO0A2,1445637.0,78732.0
FI196,NO0A3,1231658.0,68907.0
FI196,SE11+,962777.0,51316.0
FI196,SE21+,1245822.0,61845.0
FI196,SE22+,1431537.0,68198.0
FI196,SE232,1209192.0,62178.0
FI196,SE311,1101694.0,59010.0
FI196,SE312,886443.0,51087.0
FI196,SE313,726615.0,43032.0
FI196,SE321,534822.0,35358.0
FI196,SE322,701399.0,42881.0
FI196,SE331,508462.0,34319.0
FI198,DK02,1715563.0,77809.0
FI198,DK03,1872951.0,83072.0
FI198,DK04,1929737.0,85847.0
FI198,DK050,1503406.0,84654.0
FI198,FI19+,160812.0,6897.0
FI198,FI196,282034.0,12349.0
FI198,FI19B,160300.0,7911.0
FI198,FI1B+,298372.0,12238.0
FI198,FI1C-,219851.0,9943.0
FI198,FI1C1,329394.0,14237.0
FI198,FI1D7,725428.0,30811.0
FI198,FI1D8,370191.0,16297.0
FI198,FI1D9,383491.0,17411.0
FI198,FI1DB,200891.0,8765.0
FI198,FI1DC,237237.0,11029.0
FI198,FI200,524470.0,36239.0
FI198,NO01+,1249429.0,66478.0
FI198,NO020,1181595.0,66391.0
FI198,NO060,917493.0,51963.0
FI198,NO071,1065534.0,45329.0
FI198,NO072,1021879.0,44139.0
FI198,NO085,1327697.0,72092.0
FI198,NO092,1578299.0,80612.0
FI198,NO094,1389064.0,73984.0
FI198,NO0A1,1652082.0,89534.0
FI198,NO0A2,1478000.0,79643.0
FI198,NO0A3,1264021.0,69817.0
FI198,SE11+,995140.0,52226.0
FI198,SE21+,1278185.0,62756.0
FI198,SE22+,1463900.0,69108.0
FI198,SE232,1241555.0,63089.0
FI198,SE311,1134057.0,59920.0
FI198,SE312,918806.0,51997.0
FI198,SE313,758978.0,43942.0
FI198,SE321,567185.0,36268.0
FI198,SE322,733761.0,43791.0
FI198,SE331,540825.0,35229.0
FI19B,DK02,1718214.0,78822.0
FI19B,DK03,1875602.0,84085.0
FI19B,DK04,1932388.0,86861.0
FI19B,DK050,1506057.0,85668.0
FI19B,FI19+,190667.0,8573.0
FI19B,FI196,138736.0,6437.0
FI19B,FI198,160368.0,7912.0
FI19B,FI1B+,173672.0,6971.0
FI19B,FI1C-,207527.0,10022.0
FI19B,FI1C1,186095.0,8325.0
FI19B,FI1D7,854364.0,37122.0
FI19B,FI1D8,537156.0,23302.0
FI19B,FI1D9,532241.0,24167.0
FI19B,FI1DB,331737.0,14649.0
FI19B,FI1DC,351605.0,16054.0
FI19B,FI200,381172.0,30327.0
FI19B,NO01+,1252080.0,67492.0
FI19B,NO020,1184246.0,67405.0
FI19B,NO060,920144.0,52976.0
FI19B,NO071,1194470.0,51640.0
FI19B,NO072,1150815.0,50450.0
FI19B,NO085,1330348.0,73105.0
FI19B,NO092,1580950.0,81626.0
FI19B,NO094,1391714.0,74998.0
FI19B,NO0A1,1654733.0,90548.0
FI19B,NO0A2,1480651.0,80656.0
FI19B,NO0A3,1266672.0,70831.0
FI19B,SE11+,997791.0,53240.0
FI19B,SE21+,1280836.0,63769.0
FI19B,SE22+,1466551.0,70122.0
FI19B,SE232,1244206.0,64102.0
FI19B,SE311,1136708.0,60934.0
FI19B,SE312,921457.0,53011.0
FI19B,SE313,761629.0,44956.0
FI19B,SE321,569836.0,37282.0
FI19B,SE322,736412.0,44805.0
FI19B,SE331,543476.0,36243.0
FI1B+,DK02,1214180.0,66702.0
FI1B+,DK03,1371568.0,71965.0
FI1B+,DK04,1428354.0,74740.0
FI1B+,DK050,1123404.0,75131.0
FI1B+,FI19+,354365.0,13957.0
FI1B+,FI196,198774.0,9293.0
FI1B+,FI198,299792.0,12529.0
FI1B+,FI19B,174218.0,7063.0
FI1B+,FI1C-,143436.0,6787.0
FI1B+,FI1C1,144840.0,6541.0
FI1B+,FI1D7,990399.0,41301.0
FI1B+,FI1D8,618260.0,24742.0
FI1B+,FI1D9,648462.0,27901.0
FI1B+,FI1DB,412842.0,16089.0
FI1B+,FI1DC,378890.0,15288.0
FI1B+,FI200,346354.0,28470.0
FI1B+,NO01+,1395721.0,71666.0
FI1B+,NO020,1327887.0,71578.0
FI1B+,NO060,1063784.0,57150.0
FI1B+,NO071,1330505.0,55819.0
FI1B+,NO072,1286851.0,54629.0
FI1B+,NO085,1473989.0,77279.0
FI1B+,NO092,1724591.0,85800.0
FI1B+,NO094,1535355.0,79171.0
FI1B+,NO0A1,1798373.0,94721.0
FI1B+,NO0A2,1624292.0,84830.0
FI1B+,NO0A3,1410313.0,75005.0
FI1B+,SE11+,565373.0,43199.0
FI1B+,SE21+,776802.0,51649.0
FI1B+,SE22+,962518.0,58001.0
FI1B+,SE232,851098.0,54400.0
FI1B+,SE311,1280349.0,65107.0
FI1B+,SE312,1065097.0,57185.0
FI1B+,SE313,905270.0,49129.0
FI1B+,SE321,713477.0,41456.0
FI1B+,SE322,880053.0,48979.0
FI1B+,SE331,687116.0,40416.0
FI1C-,DK02,1339252.0,71973.0
FI1C-,DK03,1496640.0,77236.0
FI1C-,DK04,1553426.0,80011.0
FI1C-,DK050,1688877.0,93397.0
FI1C-,FI19+,347758.0,16535.0
FI1C-,FI196,286391.0,12968.0
FI1C-,FI198,219735.0,10146.0
FI1C-,FI19B,207817.0,10041.0
FI1C-,FI1B+,142489.0,6738.0
FI1C-,FI1C1,254874.0,11546.0
FI1C-,FI1D7,910342.0,38918.0
FI1C-,FI1D8,538203.0,22359.0
FI1C-,FI1D9,568405.0,25518.0
FI1C-,FI1DB,332785.0,13706.0
FI1C-,FI1DC,298833.0,12905.0
FI1C-,FI200,471425.0,33741.0
FI1C-,NO01+,1434901.0,75221.0
FI1C-,NO020,1367067.0,75134.0
FI1C-,NO060,1102964.0,60706.0
FI1C-,NO071,1250448.0,53436.0
FI1C-,NO072,1206793.0,52246.0
FI1C-,NO085,1513169.0,80835.0
FI1C-,NO092,1763771.0,89356.0
FI1C-,NO094,1574535.0,82727.0
FI1C-,NO0A1,1837553.0,98277.0
FI1C-,NO0A2,1663472.0,88386.0
FI1C-,NO0A3,1449493.0,78561.0
FI1C-,SE11+,1180611.0,60969.0
FI1C-,SE21+,901874.0,56920.0
FI1C-,SE22+,1087589.0,63272.0
FI1C-,SE232,1427027.0,71832.0
FI1C-,SE311,1319529.0,68663.0
FI1C-,SE312,1104277.0,60740.0
FI1C-,SE313,944450.0,52685.0
FI1C-,SE321,752657.0,45012.0
FI1C-,SE322,919233.0,52535.0
FI1C-,SE331,726296.0,43972.0
FI1C1,DK02,1070113.0,61692.0
FI1C1,DK03,1227501.0,66955.0
FI1C1,DK04,1284288.0,69731.0
FI1C1,DK050,979337.0,70122.0
FI1C1,FI19+,317935.0,13793.0
FI1C1,FI196,134462.0,6743.0
FI1C1,FI198,328492.0,14091.0
FI1C1,FI19B,186560.0,8344.0
FI1C1,FI1B+,144579.0,6518.0
FI1C1,FI1C-,254771.0,11502.0
FI1C1,FI1D7,1004166.0,43061.0
FI1C1,FI1D8,683909.0,28538.0
FI1C1,FI1D9,690903.0,30047.0
FI1C1,FI1DB,478490.0,19884.0
FI1C1,FI1DC,490225.0,20003.0
FI1C1,FI200,202287.0,23461.0
FI1C1,NO01+,808869.0,54309.0
FI1C1,NO020,1267968.0,70106.0
FI1C1,NO060,1003865.0,55677.0
FI1C1,NO071,1005238.0,55932.0
FI1C1,NO072,1300617.0,56389.0
FI1C1,NO085,1414070.0,75806.0
FI1C1,NO092,1664671.0,84327.0
FI1C1,NO094,1475436.0,77699.0
FI1C1,NO0A1,1738454.0,93248.0
FI1C1,NO0A2,1564372.0,83357.0
FI1C1,NO0A3,1350393.0,73532.0
FI1C1,SE11+,421306.0,38189.0
FI1C1,SE21+,632735.0,46639.0
FI1C1,SE22+,818451.0,52992.0
FI1C1,SE232,707031.0,49391.0
FI1C1,SE311,679405.0,48799.0
FI1C1,SE312,1005178.0,55712.0
FI1C1,SE313,845350.0,47656.0
FI1C1,SE321,653557.0,39983.0
FI1C1,SE322,820134.0,47506.0
FI1C1,SE331,627197.0,38944.0
FI1D7,DK02,2052945.0,80812.0
FI1D7,DK03,2210333.0,86075.0
FI1D7,DK04,2267120.0,88850.0
FI1D7,DK050,1840788.0,87657.0
FI1D7,FI19+,698488.0,30085.0
FI1D7,FI196,903575.0,39315.0
FI1D7,FI198,725862.0,30674.0
FI1D7,FI19B,854975.0,37050.0
FI1D7,FI1B+,989697.0,40906.0
FI1D7,FI1C-,911175.0,38611.0
FI1D7,FI1C1,1033148.0,43177.0
FI1D7,FI1D8,491677.0,21186.0
FI1D7,FI1D9,418719.0,19028.0
FI1D7,FI1DB,658985.0,27828.0
FI1D7,FI1DC,797127.0,33292.0
FI1D7,FI200,1228224.0,65180.0
FI1D7,NO01+,1586811.0,69481.0
FI1D7,NO020,1480507.0,68107.0
FI1D7,NO060,1167243.0,52473.0
FI1D7,NO071,904442.0,39460.0
FI1D7,NO072,514451.0,24379.0
FI1D7,NO085,1665080.0,75095.0
FI1D7,NO092,1915681.0,83615.0
FI1D7,NO094,1726446.0,76987.0
FI1D7,NO0A1,1989464.0,92537.0
FI1D7,NO0A2,1815383.0,82646.0
FI1D7,NO0A3,1533312.0,70270.0
FI1D7,SE11+,1332522.0,55229.0
FI1D7,SE21+,1615568.0,65758.0
FI1D7,SE22+,1801283.0,72111.0
FI1D7,SE232,1578938.0,66091.0
FI1D7,SE311,1471440.0,62923.0
FI1D7,SE312,1256188.0,55000.0
FI1D7,SE313,1096361.0,46945.0
FI1D7,SE321,904568.0,39271.0
FI1D7,SE322,1009206.0,44313.0
FI1D7,SE331,718988.0,31470.0
FI1D8,DK02,2091005.0,81935.0
FI1D8,DK03,2248393.0,87198.0
FI1D8,DK04,2305180.0,89973.0
FI1D8,DK050,1878848.0,88780.0
FI1D8,FI19+,401579.0,17319.0
FI1D8,FI196,606666.0,26549.0
FI1D8,FI198,373125.0,16332.0
FI1D8,FI19B,540188.0,23337.0
FI1D8,FI1B+,620547.0,24707.0
FI1D8,FI1C-,542026.0,22412.0
FI1D8,FI1C1,687011.0,28592.0
FI1D8,FI1D7,491560.0,21188.0
FI1D8,FI1D9,163477.0,8025.0
FI1D8,FI1DB,222380.0,9696.0
FI1D8,FI1DC,347828.0,14748.0
FI1D8,FI200,882087.0,50594.0
FI1D8,NO01+,1624871.0,70604.0
FI1D8,NO020,1518567.0,69230.0
FI1D8,NO060,1205303.0,53596.0
FI1D8,NO071,942502.0,40584.0
FI1D8,NO072,855123.0,37019.0
FI1D8,NO085,1703140.0,76218.0
FI1D8,NO092,1953741.0,84738.0
FI1D8,NO094,1764506.0,78110.0
FI1D8,NO0A1,2027524.0,93660.0
FI1D8,NO0A2,1853443.0,83769.0
FI1D8,NO0A3,1571372.0,71393.0
FI1D8,SE11+,1370582.0,56352.0
FI1D8,SE21+,1653628.0,66882.0
FI1D8,SE22+,1839343.0,73234.0
FI1D8,SE232,1616998.0,67215.0
FI1D8,SE311,1509500.0,64046.0
FI1D8,SE312,1294248.0,56123.0
FI1D8,SE313,1134421.0,48068.0
FI1D8,SE321,942628.0,40394.0
FI1D8,SE322,1047267.0,45436.0
FI1D8,SE331,757048.0,32593.0
FI1D9,DK02,1942498.0,77072.0
FI1D9,DK03,2099886.0,82336.0
FI1D9,DK04,2156672.0,85111.0
FI1D9,DK050,1730341.0,83918.0
FI1D9,FI19+,370654.0,17156.0
FI1D9,FI196,575741.0,26385.0
FI1D9,FI198,383361.0,17373.0
FI1D9,FI19B,527141.0,24121.0
FI1D9,FI1B+,647196.0,27605.0
FI1D9,FI1C-,568674.0,25310.0
FI1D9,FI1C1,690647.0,29876.0
FI1D9,FI1D7,418609.0,18987.0
FI1D9,FI1D8,163475.0,8046.0
FI1D9,FI1DB,288760.0,13040.0
FI1D9,FI1DC,443710.0,19321.0
FI1D9,FI200,885723.0,51879.0
FI1D9,NO01+,1476364.0,65742.0
FI1D9,NO020,1370060.0,64368.0
FI1D9,NO060,1056795.0,48734.0
FI1D9,NO071,793995.0,35721.0
FI1D9,NO072,750341.0,34531.0
FI1D9,NO085,1554632.0,71356.0
FI1D9,NO092,1805234.0,79876.0
FI1D9,NO094,1615999.0,73248.0
FI1D9,NO0A1,1879017.0,88798.0
FI1D9,NO0A2,1704935.0,78907.0
FI1D9,NO0A3,1422865.0,66531.0
FI1D9,SE11+,1222075.0,51490.0
FI1D9,SE21+,1505120.0,62019.0
FI1D9,SE22+,1690835.0,68372.0
FI1D9,SE232,1468490.0,62352.0
FI1D9,SE311,1360992.0,59184.0
FI1D9,SE312,1145741.0,51261.0
FI1D9,SE313,985913.0,43206.0
FI1D9,SE321,794120.0,35532.0
FI1D9,SE322,898759.0,40574.0
FI1D9,SE331,608541.0,27731.0
FI1DB,DK02,1825094.0,81982.0
FI1DB,DK03,1982482.0,87245.0
FI1DB,DK04,2039269.0,90020.0
FI1DB,DK050,1612937.0,88827.0
FI1DB,FI19+,270344.0,11070.0
FI1DB,FI196,431199.0,18055.0
FI1DB,FI198,200744.0,8812.0
FI1DB,FI19B,331736.0,14688.0
FI1DB,FI1B+,412095.0,16058.0
FI1DB,FI1C-,333573.0,13763.0
FI1DB,FI1C1,478558.0,19943.0
FI1DB,FI1D7,658451.0,27809.0
FI1DB,FI1D8,219234.0,9673.0
FI1DB,FI1D9,288781.0,12959.0
FI1DB,FI1DC,168878.0,7329.0
FI1DB,FI200,673635.0,41945.0
FI1DB,NO01+,1358960.0,70651.0
FI1DB,NO020,1291127.0,70564.0
FI1DB,NO060,1027024.0,56136.0
FI1DB,NO071,999025.0,42537.0
FI1DB,NO072,955371.0,41347.0
FI1DB,NO085,1437229.0,76265.0
FI1DB,NO092,1687830.0,84785.0
FI1DB,NO094,1498595.0,78157.0
FI1DB,NO0A1,1761613.0,93707.0
FI1DB,NO0A2,1587532.0,83816.0
FI1DB,NO0A3,1373552.0,73991.0
FI1DB,SE11+,1104671.0,56399.0
FI1DB,SE21+,1387717.0,66929.0
FI1DB,SE22+,1573432.0,73281.0
FI1DB,SE232,1351087.0,67262.0
FI1DB,SE311,1243589.0,64093.0
FI1DB,SE312,1028337.0,56170.0
FI1DB,SE313,868510.0,48115.0
FI1DB,SE321,676717.0,40441.0
FI1DB,SE322,843293.0,47965.0
FI1DB,SE331,813571.0,34547.0
FI1DC,DK02,1942955.0,87938.0
FI1DC,DK03,2100343.0,93201.0
FI1DC,DK04,2157129.0,95976.0
FI1DC,DK050,1730798.0,94784.0
FI1DC,FI19+,388204.0,17027.0
FI1DC,FI196,451238.0,19436.0
FI1DC,FI198,237199.0,10972.0
FI1DC,FI19B,351775.0,16069.0
FI1DC,FI1B+,378552.0,15257.0
FI1DC,FI1C-,300030.0,12961.0
FI1DC,FI1C1,490937.0,20064.0
FI1DC,FI1D7,797190.0,33305.0
FI1DC,FI1D8,348029.0,14776.0
FI1DC,FI1D9,443723.0,19229.0
FI1DC,FI1DB,168757.0,7290.0
FI1DC,FI200,707488.0,42259.0
FI1DC,NO01+,1476821.0,76608.0
FI1DC,NO020,1408987.0,76520.0
FI1DC,NO060,1144885.0,62092.0
FI1DC,NO071,1153967.0,48808.0
FI1DC,NO072,1110312.0,47618.0
FI1DC,NO085,1555089.0,82221.0
FI1DC,NO092,1805691.0,90742.0
FI1DC,NO094,1616455.0,84113.0
FI1DC,NO0A1,1879474.0,99663.0
FI1DC,NO0A2,1705392.0,89772.0
FI1DC,NO0A3,1491413.0,79947.0
FI1DC,SE11+,1222532.0,62355.0
FI1DC,SE21+,1505577.0,72885.0
FI1DC,SE22+,1691292.0,79238.0
FI1DC,SE232,1468947.0,73218.0
FI1DC,SE311,1361449.0,70050.0
FI1DC,SE312,1146198.0,62127.0
FI1DC,SE313,986370.0,54071.0
FI1DC,SE321,794577.0,46398.0
FI1DC,SE322,961153.0,53921.0
FI1DC,SE331,968513.0,40817.0
FI200,DK02,919404.0,41103.0
FI200,DK03,1076792.0,46367.0
FI200,DK04,1133578.0,49142.0
FI200,DK050,828627.0,49533.0
FI200,FI19+,513941.0,35830.0
FI200,FI196,271679.0,30481.0
FI200,FI198,524499.0,36128.0
FI200,FI19B,382566.0,30381.0
FI200,FI1B+,346588.0,28534.0
FI200,FI1C-,472352.0,33855.0
FI200,FI1C1,202397.0,23543.0
FI200,FI1D7,1200173.0,65098.0
FI200,FI1D8,879915.0,50574.0
FI200,FI1D9,886909.0,52084.0
FI200,FI1DB,674497.0,41921.0
FI200,FI1DC,707806.0,42356.0
FI200,NO01+,658159.0,33720.0
FI200,NO020,831280.0,42904.0
FI200,NO060,841083.0,43896.0
FI200,NO071,1271869.0,61111.0
FI200,NO072,1616323.0,75119.0
FI200,NO085,850985.0,44417.0
FI200,NO092,973705.0,50897.0
FI200,NO094,844611.0,44443.0
FI200,NO0A1,1107629.0,59993.0
FI200,NO0A2,1068212.0,55213.0
FI200,NO0A3,1048806.0,52812.0
FI200,SE11+,270597.0,17600.0
FI200,SE21+,482026.0,26050.0
FI200,SE22+,667741.0,32403.0
FI200,SE232,556322.0,28802.0
FI200,SE311,528696.0,28210.0
FI200,SE312,476017.0,27431.0
FI200,SE313,403037.0,23430.0
FI200,SE321,597767.0,31434.0
FI200,SE322,698924.0,36095.0
FI200,SE331,891069.0,44200.0
NO01+,DK02,664232.0,25777.0
NO01+,DK03,627906.0,29853.0
NO01+,DK04,512610.0,26378.0
NO01+,DK050,411977.0,22333.0
NO01+,FI19+,1095665.0,60216.0
NO01+,FI196,1216935.0,65672.0
NO01+,FI198,1249378.0,66598.0
NO01+,FI19B,1251955.0,67622.0
NO01+,FI1B+,1394260.0,71622.0
NO01+,FI1C-,1445260.0,75281.0
NO01+,FI1C1,811149.0,54553.0
NO01+,FI1D7,1586935.0,69603.0
NO01+,FI1D8,1624826.0,70666.0
NO01+,FI1D9,1482168.0,65888.0
NO01+,FI1DB,1358937.0,70700.0
NO01+,FI1DC,1476744.0,76758.0
NO01+,FI200,660629.0,33914.0
NO01+,NO020,272309.0,13169.0
NO01+,NO060,605027.0,28214.0
NO01+,NO071,1190218.0,56422.0
NO01+,NO072,1715006.0,77046.0
NO01+,NO085,217023.0,11837.0
NO01+,NO092,399884.0,18491.0
NO01+,NO094,210649.0,11863.0
NO01+,NO0A1,473667.0,27413.0
NO01+,NO0A2,416450.0,22598.0
NO01+,NO0A3,489835.0,23076.0
NO01+,SE11+,405501.0,17601.0
NO01+,SE21+,526076.0,21871.0
NO01+,SE22+,485355.0,20129.0
NO01+,SE232,260180.0,11137.0
NO01+,SE311,191239.0,9725.0
NO01+,SE312,355804.0,17498.0
NO01+,SE313,491584.0,24467.0
NO01+,SE321,715159.0,33298.0
NO01+,SE322,630387.0,29059.0
NO01+,SE331,938705.0,42961.0
NO020,DK02,920034.0,36975.0
NO020,DK03,830030.0,38907.0
NO020,DK04,714735.0,35431.0
NO020,DK050,614101.0,31386.0
NO020,FI19+,1028461.0,60167.0
NO020,FI196,1149731.0,65623.0
NO020,FI198,1182174.0,66550.0
NO020,FI19B,1184751.0,67573.0
NO020,FI1B+,1327056.0,71573.0
NO020,FI1C-,1378056.0,75232.0
NO020,FI1C1,1268290.0,70202.0
NO020,FI1D7,1481448.0,68121.0
NO020,FI1D8,1519339.0,69184.0
NO020,FI1D9,1376682.0,64406.0
NO020,FI1DB,1291734.0,70651.0
NO020,FI1DC,1409540.0,76710.0
NO020,FI200,834096.0,43219.0
NO020,NO01+,273138.0,13411.0
NO020,NO060,400223.0,20583.0
NO020,NO071,985415.0,48791.0
NO020,NO072,1387330.0,71288.0
NO020,NO085,283028.0,17898.0
NO020,NO092,602009.0,27545.0
NO020,NO094,412773.0,20917.0
NO020,NO0A1,675791.0,36466.0
NO020,NO0A2,386868.0,21936.0
NO020,NO0A3,246013.0,13019.0
NO020,SE11+,578968.0,26906.0
NO020,SE21+,663815.0,32214.0
NO020,SE22+,741158.0,31327.0
NO020,SE232,515983.0,22334.0
NO020,SE311,335972.0,17393.0
NO020,SE312,349123.0,19119.0
NO020,SE313,487378.0,25574.0
NO020,SE321,626761.0,32136.0
NO020,SE322,509304.0,26594.0
NO020,SE331,817623.0,40496.0
NO060,DK02,1252740.0,51959.0
NO060,DK03,1162736.0,53891.0
NO060,DK04,1047440.0,50415.0
NO060,DK050,946807.0,46370.0
NO060,FI19+,764433.0,45671.0
NO060,FI196,885703.0,51127.0
NO060,FI198,918146.0,52054.0
NO060,FI19B,920723.0,53077.0
NO060,FI1B+,1063028.0,57077.0
NO060,FI1C-,1114028.0,60736.0
NO060,FI1C1,1004262.0,55706.0
NO060,FI1D7,1167726.0,52350.0
NO060,FI1D8,1205617.0,53413.0
NO060,FI1D9,1062959.0,48635.0
NO060,FI1DB,1027705.0,56155.0
NO060,FI1DC,1145512.0,62214.0
NO060,FI200,841904.0,43871.0
NO060,NO01+,605844.0,28395.0
NO060,NO020,400580.0,20663.0
NO060,NO071,587152.0,28323.0
NO060,NO072,989067.0,50820.0
NO060,NO085,598426.0,32541.0
NO060,NO092,934714.0,42529.0
NO060,NO094,745479.0,35901.0
NO060,NO0A1,861906.0,51398.0
NO060,NO0A2,573602.0,33928.0
NO060,NO0A3,380086.0,19886.0
NO060,SE11+,689063.0,32541.0
NO060,SE21+,1017617.0,43219.0
NO060,SE22+,1073863.0,46311.0
NO060,SE232,848688.0,37318.0
NO060,SE311,625318.0,30981.0
NO060,SE312,497177.0,23945.0
NO060,SE313,447728.0,21148.0
NO060,SE321,364942.0,17123.0
NO060,SE322,186359.0,9025.0
NO060,SE331,524021.0,24823.0
NO071,DK02,1875582.0,75401.0
NO071,DK03,2032970.0,80664.0
NO071,DK04,1632863.0,78749.0
NO071,DK050,1532229.0,74704.0
NO071,FI19+,765297.0,45727.0
NO071,FI196,886567.0,51182.0
NO071,FI198,1065814.0,45009.0
NO071,FI19B,1194927.0,51385.0
NO071,FI1B+,1329649.0,55241.0
NO071,FI1C-,1251127.0,52946.0
NO071,FI1C1,1005126.0,55761.0
NO071,FI1D7,904905.0,39327.0
NO071,FI1D8,942796.0,40390.0
NO071,FI1D9,800138.0,35612.0
NO071,FI1DB,998875.0,42258.0
NO071,FI1DC,1153825.0,48540.0
NO071,FI200,1262492.0,61000.0
NO071,NO01+,1191266.0,56728.0
NO071,NO020,986003.0,48996.0
NO071,NO060,587266.0,28436.0
NO071,NO072,508080.0,28577.0
NO071,NO085,1183848.0,60874.0
NO071,NO092,1520137.0,70862.0
NO071,NO094,1330901.0,64234.0
NO071,NO0A1,1447328.0,79732.0
NO071,NO0A2,1159024.0,62262.0
NO071,NO0A3,965509.0,48219.0
NO071,SE11+,1155159.0,49818.0
NO071,SE21+,1438205.0,60348.0
NO071,SE22+,1623920.0,66700.0
NO071,SE232,1401575.0,60681.0
NO071,SE311,1192554.0,54523.0
NO071,SE312,1008149.0,46465.0
NO071,SE313,918997.0,41534.0
NO071,SE321,685562.0,31064.0
NO071,SE322,703212.0,32481.0
NO071,SE331,418850.0,19566.0
NO072,DK02,2230131.0,89310.0
NO072,DK03,2387519.0,94573.0
NO072,DK04,2444306.0,97348.0
NO072,DK050,2056948.0,94784.0
NO072,FI19+,994457.0,43272.0
NO072,FI196,1199544.0,52501.0
NO072,FI198,1021831.0,43861.0
NO072,FI19B,1150944.0,50237.0
NO072,FI1B+,1285666.0,54092.0
NO072,FI1C-,1207144.0,51797.0
NO072,FI1C1,1329117.0,56364.0
NO072,FI1D7,514459.0,24244.0
NO072,FI1D8,855060.0,36850.0
NO072,FI1D9,756155.0,34463.0
NO072,FI1DB,954892.0,41110.0
NO072,FI1DC,1109842.0,47392.0
NO072,FI200,1617041.0,74909.0
NO072,NO01+,1715985.0,76808.0
NO072,NO020,1387945.0,71658.0
NO072,NO060,989208.0,51097.0
NO072,NO071,508143.0,28750.0
NO072,NO085,1585790.0,83536.0
NO072,NO092,2044855.0,90942.0
NO072,NO094,1855620.0,84314.0
NO072,NO0A1,2118638.0,99864.0
NO072,NO0A2,1560966.0,84923.0
NO072,NO0A3,1367451.0,70881.0
NO072,SE11+,1509708.0,63727.0
NO072,SE21+,1792754.0,74257.0
NO072,SE22+,1978469.0,80610.0
NO072,SE232,1756124.0,74590.0
NO072,SE311,1648626.0,71422.0
NO072,SE312,1433374.0,63499.0
NO072,SE313,1273546.0,55443.0
NO072,SE321,1059163.0,46962.0
NO072,SE322,1122946.0,50525.0
NO072,SE331,838584.0,37611.0
NO085,DK02,836783.0,34998.0
NO085,DK03,644025.0,32739.0
NO085,DK04,528729.0,29264.0
NO085,DK050,428096.0,25219.0
NO085,FI19+,1174081.0,65996.0
NO085,FI196,1295351.0,71452.0
NO085,FI198,1327794.0,72378.0
NO085,FI19B,1330371.0,73402.0
NO085,FI1B+,1472676.0,77402.0
NO085,FI1C-,1523676.0,81061.0
NO085,FI1C1,1413910.0,76030.0
NO085,FI1D7,1665351.0,75383.0
NO085,FI1D8,1703242.0,76446.0
NO085,FI1D9,1560585.0,71668.0
NO085,FI1DB,1437353.0,76480.0
NO085,FI1DC,1555160.0,82538.0
NO085,FI200,852976.0,44481.0
NO085,NO01+,200792.0,11877.0
NO085,NO020,282050.0,17855.0
NO085,NO060,597737.0,32462.0
NO085,NO071,1182929.0,60670.0
NO085,NO072,1584843.0,83167.0
NO085,NO092,350317.0,20276.0
NO085,NO094,173212.0,11312.0
NO085,NO0A1,436230.0,26862.0
NO085,NO0A2,264890.0,16013.0
NO085,NO0A3,416174.0,24603.0
NO085,SE11+,597848.0,28168.0
NO085,SE21+,698628.0,31092.0
NO085,SE22+,657907.0,29350.0
NO085,SE232,432732.0,20357.0
NO085,SE311,393632.0,20005.0
NO085,SE312,502355.0,25109.0
NO085,SE313,638134.0,32079.0
NO085,SE321,793576.0,39078.0
NO085,SE322,708803.0,34839.0
NO085,SE331,1017121.0,48741.0
NO092,DK02,634329.0,31479.0
NO092,DK03,508481.0,26415.0
NO092,DK04,393185.0,22940.0
NO092,DK050,292552.0,18895.0
NO092,FI19+,1423402.0,74141.0
NO092,FI196,1544672.0,79596.0
NO092,FI198,1577115.0,80523.0
NO092,FI19B,1579692.0,81546.0
NO092,FI1B+,1721997.0,85547.0
NO092,FI1C-,1772998.0,89206.0
NO092,FI1C1,1663231.0,84175.0
NO092,FI1D7,1914672.0,83528.0
NO092,FI1D8,1952564.0,84591.0
NO092,FI1D9,1809906.0,79813.0
NO092,FI1DB,1686675.0,84624.0
NO092,FI1DC,1804481.0,90683.0
NO092,FI200,974239.0,50767.0
NO092,NO01+,383742.0,18156.0
NO092,NO020,600046.0,27094.0
NO092,NO060,932764.0,42139.0
NO092,NO071,1517956.0,70347.0
NO092,NO072,2042744.0,90970.0
NO092,NO085,350352.0,20223.0
NO092,NO094,198702.0,11781.0
NO092,NO0A1,270522.0,14674.0
NO092,NO0A2,427806.0,24451.0
NO092,NO0A3,817573.0,37001.0
NO092,SE11+,719111.0,34454.0
NO092,SE21+,784059.0,35900.0
NO092,SE22+,743339.0,34158.0
NO092,SE232,518163.0,25166.0
NO092,SE311,574819.0,26319.0
NO092,SE312,683542.0,31422.0
NO092,SE313,819321.0,38392.0
NO092,SE321,1042897.0,47223.0
NO092,SE322,958124.0,42984.0
NO092,SE331,1266442.0,56886.0
NO094,DK02,706224.0,35189.0
NO094,DK03,580375.0,30125.0
NO094,DK04,465080.0,26650.0
NO094,DK050,364447.0,22605.0
NO094,FI19+,1235770.0,67858.0
NO094,FI196,1357039.0,73313.0
NO094,FI198,1389482.0,74240.0
NO094,FI19B,1392059.0,75263.0
NO094,FI1B+,1534365.0,79264.0
NO094,FI1C-,1585365.0,82923.0
NO094,FI1C1,1475598.0,77892.0
NO094,FI1D7,1727040.0,77245.0
NO094,FI1D8,1764931.0,78308.0
NO094,FI1D9,1622273.0,73530.0
NO094,FI1DB,1499042.0,78341.0
NO094,FI1DC,1616848.0,84400.0
NO094,FI200,846530.0,44512.0
NO094,NO01+,194346.0,11907.0
NO094,NO020,412414.0,20811.0
NO094,NO060,745131.0,35856.0
NO094,NO071,1330323.0,64064.0
NO094,NO072,1855111.0,84687.0
NO094,NO085,173214.0,11297.0
NO094,NO092,198658.0,11811.0
NO094,NO0A1,284571.0,18396.0
NO094,NO0A2,326460.0,19986.0
NO094,NO0A3,629940.0,30718.0
NO094,SE11+,591402.0,28198.0
NO094,SE21+,692182.0,31122.0
NO094,SE22+,651461.0,29380.0
NO094,SE232,426285.0,20388.0
NO094,SE311,387186.0,20036.0
NO094,SE312,495909.0,25139.0
NO094,SE313,631688.0,32109.0
NO094,SE321,855264.0,40940.0
NO094,SE322,770491.0,36701.0
NO094,SE331,1078810.0,50603.0
NO0A1,DK02,822974.0,40616.0
NO0A1,DK03,697125.0,35552.0
NO0A1,DK04,581830.0,32077.0
NO0A1,DK050,481197.0,28032.0
NO0A1,FI19+,1498805.0,83673.0
NO0A1,FI196,1620074.0,89129.0
NO0A1,FI198,1652517.0,90055.0
NO0A1,FI19B,1655094.0,91079.0
NO0A1,FI1B+,1797399.0,95079.0
NO0A1,FI1C-,1848400.0,98738.0
NO0A1,FI1C1,1738633.0,93707.0
NO0A1,FI1D7,1990074.0,93060.0
NO0A1,FI1D8,2027966.0,94123.0
NO0A1,FI1D9,1885308.0,89345.0
NO0A1,FI1DB,1762077.0,94156.0
NO0A1,FI1DC,1879883.0,100215.0
NO0A1,FI200,1109565.0,60327.0
NO0A1,NO01+,457381.0,27722.0
NO0A1,NO020,675449.0,36626.0
NO0A1,NO060,861502.0,51508.0
NO0A1,NO071,1446694.0,79716.0
NO0A1,NO072,2118146.0,100502.0
NO0A1,NO085,436249.0,27112.0
NO0A1,NO092,270750.0,14700.0
NO0A1,NO094,284599.0,18669.0
NO0A1,NO0A2,299357.0,20943.0
NO0A1,NO0A3,679940.0,43648.0
NO0A1,SE11+,854437.0,44013.0
NO0A1,SE21+,1011966.0,46468.0
NO0A1,SE22+,971246.0,44725.0
NO0A1,SE232,746070.0,35733.0
NO0A1,SE311,650221.0,35851.0
NO0A1,SE312,758944.0,40954.0
NO0A1,SE313,894723.0,47924.0
NO0A1,SE321,1118299.0,56755.0
NO0A1,SE322,1033526.0,52516.0
NO0A1,SE331,1341845.0,66418.0
NO0A2,DK02,1063871.0,46262.0
NO0A2,DK03,888103.0,46276.0
NO0A2,DK04,772808.0,42801.0
NO0A2,DK050,672174.0,38756.0
NO0A2,FI19+,1324892.0,73660.0
NO0A2,FI196,1446162.0,79116.0
NO0A2,FI198,1478605.0,80043.0
NO0A2,FI19B,1481182.0,81066.0
NO0A2,FI1B+,1623487.0,85066.0
NO0A2,FI1C-,1674487.0,88725.0
NO0A2,FI1C1,1564721.0,83695.0
NO0A2,FI1D7,1816162.0,83047.0
NO0A2,FI1D8,1854053.0,84110.0
NO0A2,FI1D9,1711395.0,79332.0
NO0A2,FI1DB,1588164.0,84144.0
NO0A2,FI1DC,1705971.0,90203.0
NO0A2,FI200,1070799.0,55371.0
NO0A2,NO01+,416975.0,22697.0
NO0A2,NO020,386482.0,22005.0
NO0A2,NO060,573260.0,33820.0
NO0A2,NO071,1158451.0,62028.0
NO0A2,NO072,1560366.0,84525.0
NO0A2,NO085,264924.0,15943.0
NO0A2,NO092,427679.0,24507.0
NO0A2,NO094,326427.0,20082.0
NO0A2,NO0A1,299296.0,20763.0
NO0A2,NO0A3,391697.0,25960.0
NO0A2,SE11+,815671.0,39057.0
NO0A2,SE21+,925715.0,42356.0
NO0A2,SE22+,884994.0,40613.0
NO0A2,SE232,659819.0,31621.0
NO0A2,SE311,574958.0,29990.0
NO0A2,SE312,606839.0,32010.0
NO0A2,SE313,745094.0,38465.0
NO0A2,SE321,944386.0,46742.0
NO0A2,SE322,726189.0,40893.0
NO0A2,SE331,1063850.0,56691.0
NO0A3,DK02,1137530.0,46842.0
NO0A3,DK03,1047526.0,48774.0
NO0A3,DK04,932230.0,45298.0
NO0A3,DK050,831597.0,41254.0
NO0A3,FI19+,1110773.0,63497.0
NO0A3,FI196,1232042.0,68952.0
NO0A3,FI198,1264485.0,69879.0
NO0A3,FI19B,1267062.0,70902.0
NO0A3,FI1B+,1409367.0,74902.0
NO0A3,FI1C-,1460368.0,78562.0
NO0A3,FI1C1,1350601.0,73531.0
NO0A3,FI1D7,1534185.0,70273.0
NO0A3,FI1D8,1572077.0,71336.0
NO0A3,FI1D9,1429419.0,66558.0
NO0A3,FI1DB,1374045.0,73980.0
NO0A3,FI1DC,1491851.0,80039.0
NO0A3,FI200,1021605.0,53183.0
NO0A3,NO01+,490634.0,23278.0
NO0A3,NO020,246032.0,13040.0
NO0A3,NO060,379769.0,19777.0
NO0A3,NO071,964961.0,47984.0
NO0A3,NO072,1366876.0,70481.0
NO0A3,NO085,416487.0,24685.0
NO0A3,NO092,819504.0,37412.0
NO0A3,NO094,630269.0,30784.0
NO0A3,NO0A1,679967.0,43543.0
NO0A3,NO0A2,391663.0,26072.0
NO0A3,SE11+,796463.0,36773.0
NO0A3,SE21+,881310.0,42081.0
NO0A3,SE22+,958653.0,41194.0
NO0A3,SE232,733478.0,32202.0
NO0A3,SE311,553468.0,27260.0
NO0A3,SE312,575785.0,28306.0
NO0A3,SE313,667359.0,32194.0
NO0A3,SE321,711281.0,34949.0
NO0A3,SE322,532698.0,26850.0
NO0A3,SE331,870360.0,42648.0
SE11+,DK02,734507.0,28193.0
SE11+,DK03,891895.0,33456.0
SE11+,DK04,948681.0,36231.0
SE11+,DK050,565457.0,34240.0
SE11+,FI19+,842121.0,46001.0
SE11+,FI196,963390.0,51456.0
SE11+,FI198,995833.0,52383.0
SE11+,FI19B,998410.0,53406.0
SE11+,FI1B+,566978.0,43346.0
SE11+,FI1C-,1191716.0,61066.0
SE11+,FI1C1,422787.0,38355.0
SE11+,FI1D7,1333390.0,55388.0
SE11+,FI1D8,1371282.0,56450.0
SE11+,FI1D9,1228624.0,51672.0
SE11+,FI1DB,1105393.0,56484.0
SE11+,FI1DC,1223199.0,62543.0
SE11+,FI200,272267.0,17715.0
SE11+,NO01+,405444.0,17593.0
SE11+,NO020,578564.0,26777.0
SE11+,NO060,679549.0,32536.0
SE11+,NO071,1165816.0,49998.0
SE11+,NO072,1510270.0,64006.0
SE11+,NO085,598269.0,28291.0
SE11+,NO092,720990.0,34770.0
SE11+,NO094,591895.0,28316.0
SE11+,NO0A1,854914.0,43866.0
SE11+,NO0A2,815496.0,39086.0
SE11+,NO0A3,796091.0,36685.0
SE11+,SE21+,300836.0,13774.0
SE11+,SE22+,482844.0,19492.0
SE11+,SE232,303606.0,12675.0
SE11+,SE311,275980.0,12083.0
SE11+,SE312,249232.0,12429.0
SE11+,SE313,296984.0,12318.0
SE11+,SE321,491714.0,20321.0
SE11+,SE322,592871.0,24982.0
SE11+,SE331,785016.0,33088.0
SE21+,DK02,487514.0,19885.0
SE21+,DK03,644902.0,25148.0
SE21+,DK04,701688.0,27923.0
SE21+,DK050,434449.0,29224.0
SE21+,FI19+,1124218.0,56506.0
SE21+,FI196,1245488.0,61961.0
SE21+,FI198,1277931.0,62888.0
SE21+,FI19B,1280507.0,63911.0
SE21+,FI1B+,776707.0,51706.0
SE21+,FI1C-,902471.0,57027.0
SE21+,FI1C1,632516.0,46714.0
SE21+,FI1D7,1615488.0,65893.0
SE21+,FI1D8,1653379.0,66956.0
SE21+,FI1D9,1510721.0,62178.0
SE21+,FI1DB,1387490.0,66989.0
SE21+,FI1DC,1505297.0,73048.0
SE21+,FI200,481996.0,26075.0
SE21+,NO01+,488130.0,21893.0
SE21+,NO020,663289.0,31982.0
SE21+,NO060,1017127.0,43289.0
SE21+,NO071,1447913.0,60503.0
SE21+,NO072,1792368.0,74511.0
SE21+,NO085,661260.0,31241.0
SE21+,NO092,748224.0,36286.0
SE21+,NO094,654886.0,31266.0
SE21+,NO0A1,917904.0,46816.0
SE21+,NO0A2,887659.0,42414.0
SE21+,NO0A3,880816.0,41889.0
SE21+,SE11+,299864.0,13661.0
SE21+,SE22+,229053.0,10692.0
SE21+,SE232,228486.0,10756.0
SE21+,SE311,360705.0,17287.0
SE21+,SE312,469220.0,22224.0
SE21+,SE313,579081.0,22823.0
SE21+,SE321,773812.0,30826.0
SE21+,SE322,874969.0,35488.0
SE21+,SE331,1067113.0,43593.0
SE22+,DK02,281779.0,11276.0
SE22+,DK03,439167.0,16539.0
SE22+,DK04,495954.0,19315.0
SE22+,DK050,533061.0,24394.0
SE22+,FI19+,1309959.0,62913.0
SE22+,FI196,1431228.0,68369.0
SE22+,FI198,1463671.0,69296.0
SE22+,FI19B,1466248.0,70319.0
SE22+,FI1B+,962447.0,58113.0
SE22+,FI1C-,1088212.0,63434.0
SE22+,FI1C1,818256.0,53122.0
SE22+,FI1D7,1801228.0,72300.0
SE22+,FI1D8,1839120.0,73363.0
SE22+,FI1D9,1696462.0,68585.0
SE22+,FI1DB,1573231.0,73397.0
SE22+,FI1DC,1691037.0,79456.0
SE22+,FI200,667736.0,32483.0
SE22+,NO01+,485490.0,20163.0
SE22+,NO020,740878.0,31255.0
SE22+,NO060,1073596.0,46301.0
SE22+,NO071,1633654.0,66911.0
SE22+,NO072,1978108.0,80919.0
SE22+,NO085,658621.0,29511.0
SE22+,NO092,745584.0,34556.0
SE22+,NO094,652247.0,29536.0
SE22+,NO0A1,915265.0,45086.0
SE22+,NO0A2,885019.0,40684.0
SE22+,NO0A3,958404.0,41163.0
SE22+,SE11+,481879.0,19424.0
SE22+,SE21+,229952.0,10776.0
SE22+,SE232,276157.0,11833.0
SE22+,SE311,463531.0,20793.0
SE22+,SE312,585888.0,26539.0
SE22+,SE313,764822.0,29230.0
SE22+,SE321,959552.0,37233.0
SE22+,SE322,911936.0,41760.0
SE22+,SE331,1252854.0,50000.0
SE232,DK02,495025.0,19181.0
SE232,DK03,652413.0,24444.0
SE232,DK04,371432.0,26264.0
SE232,DK050,277869.0,22498.0
SE232,FI19+,1089091.0,56806.0
SE232,FI196,1210361.0,62262.0
SE232,FI198,1242804.0,63188.0
SE232,FI19B,1245381.0,64212.0
SE232,FI1B+,853418.0,54519.0
SE232,FI1C-,1438686.0,71871.0
SE232,FI1C1,709228.0,49528.0
SE232,FI1D7,1580361.0,66193.0
SE232,FI1D8,1618252.0,67256.0
SE232,FI1D9,1475595.0,62478.0
SE232,FI1DB,1352363.0,67289.0
SE232,FI1DC,1470170.0,73348.0
SE232,FI200,558707.0,28889.0
SE232,NO01+,259644.0,11137.0
SE232,NO020,515031.0,22229.0
SE232,NO060,847749.0,37275.0
SE232,NO071,1412787.0,60803.0
SE232,NO072,1757241.0,74812.0
SE232,NO085,432774.0,20485.0
SE232,NO092,519738.0,25530.0
SE232,NO094,426400.0,20511.0
SE232,NO0A1,689419.0,36061.0
SE232,NO0A2,659173.0,31658.0
SE232,NO0A3,732558.0,32137.0
SE232,SE11+,303579.0,12575.0
SE232,SE21+,228342.0,10766.0
SE232,SE22+,275918.0,11845.0
SE232,SE311,238091.0,11766.0
SE232,SE312,386137.0,18140.0
SE232,SE313,543954.0,23123.0
SE232,SE321,738685.0,31126.0
SE232,SE322,712186.0,33362.0
SE232,SE331,1031987.0,43893.0
SE311,DK02,675363.0,28185.0
SE311,DK03,832751.0,33448.0
SE311,DK04,689463.0,34503.0
SE311,DK050,588830.0,30459.0
SE311,FI19+,981064.0,53620.0
SE311,FI196,1102334.0,59075.0
SE311,FI198,1134777.0,60002.0
SE311,FI19B,1137353.0,61025.0
SE311,FI1B+,1279659.0,65026.0
SE311,FI1C-,1330659.0,68685.0
SE311,FI1C1,681475.0,48932.0
SE311,FI1D7,1472334.0,63007.0
SE311,FI1D8,1510225.0,64069.0
SE311,FI1D9,1367567.0,59291.0
SE311,FI1DB,1244336.0,64103.0
SE311,FI1DC,1362143.0,70162.0
SE311,FI200,530955.0,28293.0
SE311,NO01+,190795.0,9660.0
SE311,NO020,335358.0,17206.0
SE311,NO060,624940.0,30818.0
SE311,NO071,1202226.0,54913.0
SE311,NO072,1649214.0,71625.0
SE311,NO085,393875.0,19963.0
SE311,NO092,576737.0,26617.0
SE311,NO094,387502.0,19989.0
SE311,NO0A1,650520.0,35539.0
SE311,NO0A2,573468.0,30006.0
SE311,NO0A3,552884.0,27113.0
SE311,SE11+,275827.0,11980.0
SE311,SE21+,360674.0,17288.0
SE311,SE22+,463708.0,20799.0
SE311,SE232,238530.0,11737.0
SE311,SE312,201255.0,9818.0
SE311,SE313,337034.0,16787.0
SE311,SE321,630658.0,27940.0
SE311,SE322,527304.0,25039.0
SE311,SE331,835622.0,38942.0
SE312,DK02,837866.0,35273.0
SE312,DK03,995254.0,40536.0
SE312,DK04,798060.0,39560.0
SE312,DK050,697427.0,35515.0
SE312,FI19+,765825.0,45832.0
SE312,FI196,887094.0,51288.0
SE312,FI198,919537.0,52215.0
SE312,FI19B,922114.0,53238.0
SE312,FI1B+,1064420.0,57238.0
SE312,FI1C-,1115420.0,60897.0
SE312,FI1C1,1005653.0,55867.0
SE312,FI1D7,1257095.0,55219.0
SE312,FI1D8,1294986.0,56282.0
SE312,FI1D9,1152328.0,51504.0
SE312,FI1DB,1029097.0,56316.0
SE312,FI1DC,1146904.0,62375.0
SE312,FI200,476524.0,27454.0
SE312,NO01+,356799.0,17527.0
SE312,NO020,348323.0,18912.0
SE312,NO060,497190.0,24131.0
SE312,NO071,1017869.0,46875.0
SE312,NO072,1433974.0,63838.0
SE312,NO085,502472.0,25020.0
SE312,NO092,685334.0,31674.0
SE312,NO094,496099.0,25046.0
SE312,NO0A1,759117.0,40595.0
SE312,NO0A2,606806.0,31827.0
SE312,NO0A3,575718.0,28380.0
SE312,SE11+,250441.0,12346.0
SE312,SE21+,469864.0,22196.0
SE312,SE22+,586204.0,26572.0
SE312,SE232,385939.0,18142.0
SE312,SE311,201303.0,9789.0
SE312,SE313,152677.0,8749.0
SE312,SE321,415419.0,20153.0
SE312,SE322,342947.0,17001.0
SE312,SE331,651265.0,30903.0
SE313,DK02,1016954.0,37913.0
SE313,DK03,1174342.0,43176.0
SE313,DK04,933852.0,46528.0
SE313,DK050,833219.0,42483.0
SE313,FI19+,605793.0,37737.0
SE313,FI196,727063.0,43192.0
SE313,FI198,759506.0,44119.0
SE313,FI19B,762083.0,45142.0
SE313,FI1B+,904388.0,49143.0
SE313,FI1C-,955388.0,52802.0
SE313,FI1C1,845622.0,47771.0
SE313,FI1D7,1097063.0,47124.0
SE313,FI1D8,1134954.0,48187.0
SE313,FI1D9,992297.0,43409.0
SE313,FI1DB,869065.0,48220.0
SE313,FI1DC,986872.0,54279.0
SE313,FI200,403864.0,23511.0
SE313,NO01+,492591.0,24495.0
SE313,NO020,483530.0,25244.0
SE313,NO060,447734.0,21259.0
SE313,NO071,929489.0,41734.0
SE313,NO072,1273943.0,55742.0
SE313,NO085,638264.0,31988.0
SE313,NO092,821126.0,38642.0
SE313,NO094,631891.0,32014.0
SE313,NO0A1,894909.0,47564.0
SE313,NO0A2,742013.0,38159.0
SE313,NO0A3,667261.0,32244.0
SE313,SE11+,296531.0,12330.0
SE313,SE21+,579576.0,22860.0
SE313,SE22+,765291.0,29212.0
SE313,SE232,542946.0,23193.0
SE313,SE311,337095.0,16757.0
SE313,SE312,152690.0,8698.0
SE313,SE321,255387.0,12057.0
SE313,SE322,293491.0,14129.0
SE313,SE331,548689.0,24824.0
SE321,DK02,1211219.0,45966.0
SE321,DK03,1368607.0,51229.0
SE321,DK04,1425393.0,54004.0
SE321,DK050,1052385.0,51278.0
SE321,FI19+,411525.0,30000.0
SE321,FI196,532794.0,35456.0
SE321,FI198,565237.0,36382.0
SE321,FI19B,567814.0,37406.0
SE321,FI1B+,710120.0,41406.0
SE321,FI1C-,761120.0,45065.0
SE321,FI1C1,651353.0,40035.0
SE321,FI1D7,902795.0,39387.0
SE321,FI1D8,940686.0,40450.0
SE321,FI1D9,798028.0,35672.0
SE321,FI1DB,674797.0,40484.0
SE321,FI1DC,792604.0,46543.0
SE321,FI200,598129.0,31565.0
SE321,NO01+,711422.0,33302.0
SE321,NO020,622287.0,32161.0
SE321,NO060,360286.0,17084.0
SE321,NO071,685558.0,31214.0
SE321,NO072,1058794.0,47274.0
SE321,NO085,789690.0,38916.0
SE321,NO092,1040292.0,47437.0
SE321,NO094,851056.0,40808.0
SE321,NO0A1,1114075.0,56358.0
SE321,NO0A2,939993.0,46467.0
SE321,NO0A3,706814.0,34939.0
SE321,SE11+,490796.0,20383.0
SE321,SE21+,773841.0,30913.0
SE321,SE22+,959556.0,37265.0
SE321,SE232,737211.0,31246.0
SE321,SE311,629713.0,28077.0
SE321,SE312,414462.0,20154.0
SE321,SE313,254634.0,12099.0
SE321,SE322,176554.0,8913.0
SE321,SE331,299830.0,14013.0
SE322,DK02,1163794.0,50409.0
SE322,DK03,1187819.0,54662.0
SE322,DK04,1072524.0,51186.0
SE322,DK050,971891.0,47141.0
SE322,FI19+,580427.0,37524.0
SE322,FI196,701697.0,42980.0
SE322,FI198,734140.0,43907.0
SE322,FI19B,736717.0,44930.0
SE322,FI1B+,879022.0,48930.0
SE322,FI1C-,930022.0,52589.0
SE322,FI1C1,820256.0,47559.0
SE322,FI1D7,1010250.0,44348.0
SE322,FI1D8,1048141.0,45411.0
SE322,FI1D9,905484.0,40633.0
SE322,FI1DB,843699.0,48008.0
SE322,FI1DC,961506.0,54067.0
SE322,FI200,698701.0,36108.0
SE322,NO01+,630928.0,29166.0
SE322,NO020,509189.0,26676.0
SE322,NO060,186339.0,9153.0
SE322,NO071,713028.0,32694.0
SE322,NO072,1122726.0,50807.0
SE322,NO085,709196.0,34779.0
SE322,NO092,959798.0,43300.0
SE322,NO094,770562.0,36671.0
SE322,NO0A1,1033581.0,52221.0
SE322,NO0A2,726383.0,41050.0
SE322,NO0A3,532868.0,27008.0
SE322,SE11+,591368.0,24926.0
SE322,SE21+,874414.0,35456.0
SE322,SE22+,912131.0,41708.0
SE322,SE232,711866.0,33278.0
SE322,SE311,527231.0,24925.0
SE322,SE312,342826.0,16866.0
SE322,SE313,293377.0,14070.0
SE322,SE321,180936.0,8976.0
SE322,SE331,346425.0,16723.0
SE331,DK02,1499420.0,58616.0
SE331,DK03,1656808.0,63879.0
SE331,DK04,1380997.0,65088.0
SE331,DK050,1280364.0,61043.0
SE331,FI19+,387271.0,28861.0
SE331,FI196,508541.0,34317.0
SE331,FI198,540983.0,35244.0
SE331,FI19B,543560.0,36267.0
SE331,FI1B+,685866.0,40267.0
SE331,FI1C-,736866.0,43926.0
SE331,FI1C1,627099.0,38896.0
SE331,FI1D7,718654.0,31657.0
SE331,FI1D8,756545.0,32720.0
SE331,FI1D9,613887.0,27942.0
SE331,FI1DB,812624.0,34589.0
SE331,FI1DC,967574.0,40870.0
SE331,FI200,886330.0,44215.0
SE331,NO01+,939401.0,43067.0
SE331,NO020,817662.0,40578.0
SE331,NO060,523939.0,24886.0
SE331,NO071,427349.0,19872.0
SE331,NO072,837047.0,37985.0
SE331,NO085,1017670.0,48681.0
SE331,NO092,1268271.0,57201.0
SE331,NO094,1079036.0,50573.0
SE331,NO0A1,1342054.0,66123.0
SE331,NO0A2,1167972.0,56232.0
SE331,NO0A3,870468.0,42741.0
SE331,SE11+,778997.0,33034.0
SE331,SE21+,1062042.0,43563.0
SE331,SE22+,1247758.0,49916.0
SE331,SE232,1025412.0,43896.0
SE331,SE311,835704.0,38827.0
SE331,SE312,651299.0,30768.0
SE331,SE313,542835.0,24749.0
SE331,SE321,299857.0,13953.0
SE331,SE322,346362.0,16784.0
DK01,DK02,95373.0,4092.0
DK01,DK03,252761.0,9355.0
DK01,DK04,309547.0,12130.0
DK01,DK050,337168.0,16846.0
DK01,FI19+,1434732.0,69838.0
DK01,FI196,1556002.0,75293.0
DK01,FI198,1588444.0,76220.0
DK01,FI19B,1591021.0,77243.0
DK01,FI1B+,1087221.0,65038.0
DK01,FI1C-,1212985.0,70359.0
DK01,FI1C1,943030.0,60046.0
DK01,FI1D7,1926002.0,79225.0
DK01,FI1D8,1963893.0,80288.0
DK01,FI1D9,1821235.0,75510.0
DK01,FI1DB,1698004.0,80321.0
DK01,FI1DC,1815811.0,86380.0
DK01,FI200,792510.0,39407.0
DK01,NO01+,539537.0,23948.0
DK01,NO020,794925.0,35041.0
DK01,NO060,1127642.0,50086.0
DK01,NO071,1758427.0,73835.0
DK01,NO072,2102882.0,87843.0
DK01,NO085,712667.0,33296.0
DK01,NO092,592019.0,33448.0
DK01,NO094,706294.0,33322.0
DK01,NO0A1,780511.0,42618.0
DK01,NO0A2,939066.0,44470.0
DK01,NO0A3,1012451.0,44948.0
DK01,SE11+,606652.0,26349.0
DK01,SE21+,359883.0,18037.0
DK01,SE22+,154573.0,9403.0
DK01,SE232,370896.0,17244.0
DK01,SE311,550430.0,26374.0
DK01,SE312,710661.0,33463.0
DK01,SE313,889595.0,36155.0
DK01,SE321,1084326.0,44158.0
DK01,SE322,1036710.0,48685.0
DK01,SE331,1377627.0,56925.0
NO073,DK02,2295215.0,91260.0
NO073,DK03,2452603.0,96523.0
NO073,DK04,2509389.0,99298.0
NO073,DK050,2083058.0,98105.0
NO073,FI19+,1032046.0,43696.0
NO073,FI196,1237133.0,52925.0
NO073,FI198,1059420.0,44285.0
NO073,FI19B,1188533.0,50661.0
NO073,FI1B+,1323255.0,54517.0
NO073,FI1C-,1244733.0,52221.0
NO073,FI1C1,1366705.0,56788.0
NO073,FI1D7,374135.0,17238.0
NO073,FI1D8,825235.0,34797.0
NO073,FI1D9,752277.0,32639.0
NO073,FI1DB,992543.0,41439.0
NO073,FI1DC,1130685.0,46903.0
NO073,FI200,1682125.0,76858.0
NO073,NO01+,1829081.0,79929.0
NO073,NO020,1722777.0,78555.0
NO073,NO060,1378759.0,61831.0
NO073,NO071,1078946.0,48475.0
NO073,NO072,552453.0,25817.0
NO073,NO085,1907349.0,85543.0
NO073,NO092,2157951.0,94063.0
NO073,NO094,1968715.0,87435.0
NO073,NO0A1,2231734.0,102985.0
NO073,NO0A2,2057652.0,93094.0
NO073,NO0A3,1775582.0,80718.0
NO073,SE11+,1574792.0,65677.0
NO073,SE21+,1857837.0,76207.0
NO073,SE22+,2043552.0,82559.0
NO073,SE232,1821207.0,76540.0
NO073,SE311,1713709.0,73371.0
NO073,SE312,1498458.0,65448.0
NO073,SE313,1338630.0,57393.0
NO073,SE321,1146837.0,49719.0
NO073,SE322,1251476.0,54761.0
NO073,SE331,961258.0,41918.0
SE332,DK02,1793797.0,70618.0
SE332,DK03,1951185.0,75881.0
SE332,DK04,1692652.0,77821.0
SE332,DK050,1592018.0,73776.0
SE332,FI19+,737549.0,31265.0
SE332,FI196,942636.0,40494.0
SE332,FI198,764923.0,31853.0
SE332,FI19B,894036.0,38230.0
SE332,FI1B+,1028758.0,42085.0
SE332,FI1C-,950236.0,39790.0
SE332,FI1C1,1072209.0,44356.0
SE332,FI1D7,425596.0,19763.0
SE332,FI1D8,641905.0,27234.0
SE332,FI1D9,499247.0,22456.0
SE332,FI1DB,697984.0,29102.0
SE332,FI1DC,852934.0,35384.0
SE332,FI200,1180707.0,56217.0
SE332,NO01+,1251056.0,55800.0
SE332,NO020,1129317.0,53311.0
SE332,NO060,789134.0,36049.0
SE332,NO071,489321.0,22693.0
SE332,NO072,464919.0,21279.0
SE332,NO085,1329324.0,61414.0
SE332,NO092,1579926.0,69934.0
SE332,NO094,1390690.0,63306.0
SE332,NO0A1,1653708.0,78856.0
SE332,NO0A2,1479627.0,68965.0
SE332,NO0A3,1182122.0,55474.0
SE332,SE11+,1073373.0,45035.0
SE332,SE21+,1356419.0,55565.0
SE332,SE22+,1542134.0,61917.0
SE332,SE232,1319789.0,55898.0
SE332,SE311,1147358.0,51560.0
SE332,SE312,962954.0,43501.0
SE332,SE313,837212.0,36751.0
SE332,SE321,594233.0,25954.0
SE332,SE322,658016.0,29517.0
SE332,SE331,373655.0,16603.0
DK01,NO073,2167926.0,89746.0
DK01,SE332,1671672.0,68907.0
DK02,DK01,96172.0,4171.0
DK02,NO073,2295204.0,91667.0
DK02,SE332,1798950.0,70828.0
DK03,DK01,267187.0,9803.0
DK03,NO073,2466219.0,97299.0
DK03,SE332,1969965.0,76460.0
DK04,DK01,309936.0,12091.0
DK04,NO073,2508968.0,99588.0
DK04,SE332,1690256.0,78086.0
DK050,DK01,337937.0,16881.0
DK050,NO073,2085504.0,98363.0
DK050,SE332,1592043.0,74089.0
FI19+,DK01,1436385.0,69540.0
FI19+,NO073,1031504.0,44026.0
FI19+,SE332,737566.0,31310.0
FI196,DK01,1557803.0,75017.0
FI196,NO073,1236349.0,53230.0
FI196,SE332,942412.0,40514.0
FI198,DK01,1590165.0,75928.0
FI198,NO073,1058978.0,44709.0
FI198,SE332,765040.0,31993.0
FI19B,DK01,1592816.0,76941.0
FI19B,NO073,1187914.0,51020.0
FI19B,SE332,893976.0,38304.0
FI1B+,DK01,1088783.0,64821.0
FI1B+,NO073,1323949.0,55198.0
FI1B+,SE332,1030012.0,42483.0
FI1C-,DK01,1213854.0,70092.0
FI1C-,NO073,1243892.0,52815.0
FI1C-,SE332,949954.0,40100.0
FI1C1,DK01,944716.0,59811.0
FI1C1,NO073,1337716.0,56958.0
FI1C1,SE332,1043778.0,44243.0
FI1D7,DK01,1927548.0,78930.0
FI1D7,NO073,374127.0,17540.0
FI1D7,SE332,425635.0,19774.0
FI1D8,DK01,1965608.0,80054.0
FI1D8,NO073,825110.0,35086.0
FI1D8,SE332,642009.0,27248.0
FI1D9,DK01,1817101.0,75191.0
FI1D9,NO073,752158.0,32884.0
FI1D9,SE332,493502.0,22386.0
FI1DB,DK01,1699697.0,80101.0
FI1DB,NO073,992001.0,41706.0
FI1DB,SE332,698532.0,29202.0
FI1DC,DK01,1817557.0,86057.0
FI1DC,NO073,1130740.0,47202.0
FI1DC,SE332,853473.0,35473.0
FI200,DK01,794006.0,39222.0
FI200,NO073,1681368.0,77022.0
FI200,SE332,1185114.0,56183.0
NO01+,DK01,538834.0,23896.0
NO01+,NO073,1828859.0,80125.0
NO01+,SE332,1250087.0,55767.0
NO020,DK01,794637.0,35094.0
NO020,NO073,1723372.0,78643.0
NO020,SE332,1129005.0,53302.0
NO060,DK01,1127343.0,50078.0
NO060,NO073,1378527.0,62014.0
NO060,SE332,788911.0,35959.0
NO071,DK01,1750185.0,73520.0
NO071,NO073,1078642.0,48600.0
NO071,SE332,489026.0,22545.0
NO072,DK01,2104734.0,87429.0
NO072,NO073,552454.0,25821.0
NO072,SE332,464930.0,21008.0
NO073,DK01,2169817.0,89379.0
NO073,SE332,589625.0,25782.0
NO085,DK01,711386.0,33117.0
NO085,NO073,1907275.0,85905.0
NO085,SE332,1328503.0,61547.0
NO092,DK01,592474.0,33293.0
NO092,NO073,2156596.0,94049.0
NO092,SE332,1577824.0,69692.0
NO094,DK01,704940.0,33147.0
NO094,NO073,1968964.0,87766.0
NO094,SE332,1390192.0,63408.0
NO0A1,DK01,781119.0,42431.0
NO0A1,NO073,2231999.0,103582.0
NO0A1,SE332,1653226.0,79224.0
NO0A2,DK01,938473.0,44381.0
NO0A2,NO073,2058086.0,93569.0
NO0A2,SE332,1360210.0,69663.0
NO0A3,DK01,1012132.0,44961.0
NO0A3,NO073,1776109.0,80794.0
NO0A3,SE332,1166719.0,55620.0
SE11+,DK01,609109.0,26312.0
SE11+,NO073,1575315.0,65909.0
SE11+,SE332,1079061.0,45070.0
SE21+,DK01,362116.0,18004.0
SE21+,NO073,1857412.0,76414.0
SE21+,SE332,1361158.0,55575.0
SE22+,DK01,156382.0,9395.0
SE22+,NO073,2043153.0,82822.0
SE22+,SE332,1546899.0,61983.0
SE232,DK01,369628.0,17300.0
SE232,NO073,1822285.0,76715.0
SE232,SE332,1326031.0,55876.0
SE311,DK01,549966.0,26304.0
SE311,NO073,1714258.0,73528.0
SE311,SE332,1147004.0,51747.0
SE312,DK01,712469.0,33392.0
SE312,NO073,1499019.0,65741.0
SE312,SE332,962647.0,43709.0
SE313,DK01,891556.0,36032.0
SE313,NO073,1338987.0,57645.0
SE313,SE332,842733.0,36806.0
SE321,DK01,1085822.0,44085.0
SE321,NO073,1144719.0,49909.0
SE321,SE332,593875.0,25996.0
SE322,DK01,1038396.0,48528.0
SE322,NO073,1252174.0,54870.0
SE322,SE332,657806.0,29529.0
SE331,DK01,1374023.0,56735.0
SE331,NO073,960578.0,42179.0
SE331,SE332,372127.0,16707.0
SE332,DK01,1668399.0,68737.0
SE332,NO073,589616.0,26055.0
