from port name,from lat,from lon,from NUTS3 name,to port name,to lat,to lon,To NUTS3 name,Unnamed: 8,Unnamed: 9,distance_km,route
Hammeferfest,70.666972,23.659525,NO073,mosjøen,65.8519,13.186,NO071,,,883.677,"[[23.60089, 70.789663], [23.4, 71.15], [20.921784, 70.740799], [17, 70], [12, 68], [13.8, 67.4], [12, 66]]"
Mosjøen,65.8519,13.186,NO071,kollsnes,60.5542,4.8876,NO0A2,,,744.988,"[[12, 66], [10.7, 65], [9, 64], [7.378809, 63.399559], [6.3, 63], [5.389929, 62.586332], [4.1, 62], [4.114615, 61.736927], [4.160202, 60.91637], [4.657108, 60.854215]]"
kollsnes,60.5542,4.8876,NO0A2,snurrevarden,59.3135,5.3238,NO0A1,,,327.699,"[[4.657108, 60.854215], [5.141479, 60.264159], [5.211006, 60.181289], [5.282851, 60.137468], [5.329202, 60.050807], [5.352378, 59.98711], [5.516925, 59.912836], [5.542418, 59.857021], [5.569516, 59.788912], [5.52673, 59.756901], [5.519242, 59.760286], [4.581717, 59.309328], [4.58339, 59.305424], [4.8, 58.8], [5.329202, 59.100248], [5.34079, 59.246325]]"
snurrevarden,59.3135,5.3238,NO0A1,fredrikstad,59.2131,10.9149,NO083,,,501.255,"[[5.34079, 59.246325], [5.329202, 59.100248], [4.8, 58.8], [5.95, 58], [8.05, 57.95], [9.6, 58.6], [9.802224, 58.69192], [9.94527, 58.756941], [10.009312, 58.786051], [10.049246, 58.804203], [10.498669, 59.008486], [10.499442, 59.008837], [10.701577, 59.03842], [10.831103, 59.057376]]"
fredrikstad,59.2131,10.9149,NO083,lysekil,58.2732,11.4466,SE232,,,111.695,"[[10.831103, 59.057376], [10.701577, 59.03842], [10.703071, 58.980103], [10.733681, 58.975764], [11.116467, 58.242864], [11.287663, 58.288653]]"
lysekil,58.2732,11.4466,SE232,Brunnsviksholme,58.9177,17.9691,SE110,,,999.633,"[[11.287663, 58.288653], [11.116467, 58.242864], [11.4, 57.7], [11.988567, 56.905254], [12.409118, 56.337382], [12.409121, 56.337379], [12.629725, 56.063887], [12.75, 55.9], [12.566721, 55.268229], [12.974851, 55.258099], [13.229812, 55.252805], [13.836081, 55.240216], [14.374661, 55.229033], [15.80658, 55.72711], [16.209967, 55.954553], [17, 56.4], [17.1, 58.5], [18.363647, 58.762503]]"
Brunnsviksholme,58.9177,17.9691,SE110,Pori,61.5976,21.4683,FI196,,,343.77,"[[18.363647, 58.762503], [19.092865, 59.38778], [19.307013, 60.09207], [20.287802, 60.816123], [21.1715, 61.4685]]"
Brunnsviksholme,58.9177,17.9691,SE110,Inkoo,60.0414,24.0071,FI1B1,,,361.793,"[[18.363647, 58.762503], [19.092865, 59.38778], [20.054149, 59.475165], [22.192976, 59.669593], [23.127, 59.7545], [24.011424, 59.701632]]"
Inkoo,60.0414,24.0071,FI1B1,Hamina,60.5618,27.1941,FI1C7,,,231.513,"[[24.011424, 59.701632], [24.7, 59.8], [28, 60.3]]"
mosjøen,65.8519,13.186,NO071,hammeferfest,70.666972,23.659525,NO073,,,883.677,"[[12, 66], [13.8, 67.4], [12, 68], [17, 70], [20.921784, 70.740799], [23.4, 71.15], [23.60089, 70.789663]]"
kollsnes,60.5542,4.8876,NO0A2,mosjøen,65.8519,13.186,NO071,,,744.988,"[[4.657108, 60.854215], [4.160202, 60.91637], [4.114615, 61.736927], [4.1, 62], [5.389929, 62.586332], [6.3, 63], [7.378809, 63.399559], [9, 64], [10.7, 65], [12, 66]]"
snurrevarden,59.3135,5.3238,NO0A1,kollsnes,60.5542,4.8876,NO0A2,,,327.699,"[[5.34079, 59.246325], [5.329202, 59.100248], [4.8, 58.8], [4.58339, 59.305424], [4.581717, 59.309328], [5.519242, 59.760286], [5.52673, 59.756901], [5.569516, 59.788912], [5.542418, 59.857021], [5.516925, 59.912836], [5.352378, 59.98711], [5.329202, 60.050807], [5.282851, 60.137468], [5.211006, 60.181289], [5.141479, 60.264159], [4.657108, 60.854215]]"
fredrikstad,59.2131,10.9149,NO083,snurrevarden,59.3135,5.3238,NO0A1,,,501.255,"[[10.831103, 59.057376], [10.701577, 59.03842], [10.499442, 59.008837], [10.498669, 59.008486], [10.049246, 58.804203], [10.009312, 58.786051], [9.94527, 58.756941], [9.802224, 58.69192], [9.6, 58.6], [8.05, 57.95], [5.95, 58], [4.8, 58.8], [5.329202, 59.100248], [5.34079, 59.246325]]"
lysekil,58.2732,11.4466,SE232,fredrikstad,59.2131,10.9149,NO083,,,111.695,"[[11.287663, 58.288653], [11.116467, 58.242864], [10.733681, 58.975764], [10.703071, 58.980103], [10.701577, 59.03842], [10.831103, 59.057376]]"
Brunnsviksholme,58.9177,17.9691,SE110,lysekil,58.2732,11.4466,SE232,,,999.633,"[[18.363647, 58.762503], [17.1, 58.5], [17, 56.4], [16.209967, 55.954553], [15.80658, 55.72711], [14.374661, 55.229033], [13.836081, 55.240216], [13.229812, 55.252805], [12.974851, 55.258099], [12.566721, 55.268229], [12.75, 55.9], [12.629725, 56.063887], [12.409121, 56.337379], [12.409118, 56.337382], [11.988567, 56.905254], [11.4, 57.7], [11.116467, 58.242864], [11.287663, 58.288653]]"
Pori,61.5976,21.4683,FI196,Brunnsviksholme,58.9177,17.9691,SE110,,,343.77,"[[21.1715, 61.4685], [20.287802, 60.816123], [19.307013, 60.09207], [19.092865, 59.38778], [18.363647, 58.762503]]"
Inkoo,60.0414,24.0071,FI1B1,Brunnsviksholme,58.9177,17.9691,SE110,,,361.793,"[[24.011424, 59.701632], [23.127, 59.7545], [22.192976, 59.669593], [20.054149, 59.475165], [19.092865, 59.38778], [18.363647, 58.762503]]"
Hamina,60.5618,27.1941,FI1C7,Inkoo,60.0414,24.0071,FI1B1,,,231.513,"[[28, 60.3], [24.7, 59.8], [24.011424, 59.701632]]"
Tornio manga,65.7569,24.1518,FI1D7,Pori,61.5976,21.4683,FI196,,,538.518,"[[24.365488, 65.554722], [24.235352, 65.444353], [23.901805, 65.133992], [23.771079, 65.009096], [22.7535, 64.0369], [21.455909, 63.610318], [21, 63.2], [20, 62.35], [21.1715, 61.4685]]"
Pori,61.5976,21.4683,FI196,Tornio manga,65.7569,24.1518,FI1D7,,,538.518,"[[21.1715, 61.4685], [20, 62.35], [21, 63.2], [21.455909, 63.610318], [22.7535, 64.0369], [23.771079, 65.009096], [23.901805, 65.133992], [24.235352, 65.444353], [24.365488, 65.554722]]"
snurrevarden,59.3135,5.3238,NO0A1,Zeebrugge,51.3536,3.2172,Rest,,,892.429,"[[5.34079, 59.246325], [5.329202, 59.100248], [4.8, 58.8], [4.598436, 58.068003], [4.18583, 56.569592], [4.097765, 56.249776], [3.875166, 55.441392], [3.779946, 55.095593], [3.562695, 54.306629], [3.466687, 53.95797], [3.34058, 53.5], [3.219351, 53.059747], [3.207339, 53.016127], [3.028876, 52.368023], [3.32465, 52.243068], [3.324964, 52.239971], [3.348285, 52.009988], [3.354826, 51.945483], [3.379037, 51.706728], [3.4, 51.5]]"
lysekil,58.2732,11.4466,SE232,Gate,51.9735,4.0722,Rest,,,891.629,"[[11.287663, 58.288653], [11.116467, 58.242864], [10.80987, 58.160859], [10.72464, 58.138062], [10.503596, 58.07894], [9.979909, 57.938871], [9.973674, 57.861058], [9.957911, 57.664329], [9.952745, 57.599859], [8.9354, 57.406], [7.983627, 56.821663], [7.981533, 56.820377], [7.7379, 56.6708], [6.837383, 55.808317], [6.475957, 55.462156], [5.895222, 54.905948], [5.795345, 54.764853], [5.343228, 54.126148], [5.337472, 54.118017], [4.9, 53.5], [4.308389, 52.513982], [4.307491, 52.512485], [4.3, 52.5], [3.9, 52], [3.996602, 51.85732]]"
Inkoo,60.0414,24.0071,FI1B1,?winouj?cie,53.9104,14.2959,Rest,,,897.766,"[[24.011424, 59.701632], [22.6, 59.5], [20.6, 58.2], [17.982205, 56.891102], [17, 56.4], [16.740769, 55.932908], [16.634547, 55.741513], [15.033417, 54.927931], [14.4, 54.4], [14.286593, 53.937125]]"
Zeebrugge,51.3536,3.2172,Rest,snurrevarden,59.3135,5.3238,NO0A1,,,892.429,"[[3.4, 51.5], [3.379037, 51.706728], [3.354826, 51.945483], [3.348285, 52.009988], [3.324964, 52.239971], [3.32465, 52.243068], [3.028876, 52.368023], [3.207339, 53.016127], [3.219351, 53.059747], [3.34058, 53.5], [3.466687, 53.95797], [3.562695, 54.306629], [3.779946, 55.095593], [3.875166, 55.441392], [4.097765, 56.249776], [4.18583, 56.569592], [4.598436, 58.068003], [4.8, 58.8], [5.329202, 59.100248], [5.34079, 59.246325]]"
Gate,51.9735,4.0722,Rest,lysekil,58.2732,11.4466,SE232,,,891.629,"[[3.996602, 51.85732], [3.9, 52], [4.3, 52.5], [4.307491, 52.512485], [4.308389, 52.513982], [4.9, 53.5], [5.337472, 54.118017], [5.343228, 54.126148], [5.795345, 54.764853], [5.895222, 54.905948], [6.475957, 55.462156], [6.837383, 55.808317], [7.7379, 56.6708], [7.981533, 56.820377], [7.983627, 56.821663], [8.9354, 57.406], [9.952745, 57.599859], [9.957911, 57.664329], [9.973674, 57.861058], [9.979909, 57.938871], [10.503596, 58.07894], [10.72464, 58.138062], [10.80987, 58.160859], [11.116467, 58.242864], [11.287663, 58.288653]]"
?winouj?cie,53.9104,14.2959,Rest,Inkoo,60.0414,24.0071,FI1B1,,,897.766,"[[14.286593, 53.937125], [14.4, 54.4], [15.033417, 54.927931], [16.634547, 55.741513], [16.740769, 55.932908], [17, 56.4], [17.982205, 56.891102], [20.6, 58.2], [22.6, 59.5], [24.011424, 59.701632]]"
